id,x,y,z,yaw,pitch,roll
1,-285.134,226.337,-12.6135,2.44838,0.0123542,0.0396054
2,-284.896,226.131,-12.6048,2.44853,0.0138332,0.0398329
3,-285.346,226.518,-12.6177,2.44861,0.0125687,0.0364215
